ENSEMBLE DANS LES POUILLES	INSIEME IN PUGLIA	TOGETHER IN PUGLIA	JUNTOS EN PUGLIA
Aracne · Ensemble dans les Pouilles	Aracne · Insieme in Puglia	Aracne · Together in Puglia	Aracne · Juntos en Puglia
Un voyage à votre image dans toutes les Pouilles. Carte, programme, carnet et dépenses de groupe.	Un viaggio su misura in tutta la Puglia. Mappa, programma, diario e spese di gruppo.	Your own journey across Puglia. Map, itinerary, journal and group expenses.	Un viaje a tu medida por toda Puglia. Mapa, programa, diario y gastos del grupo.
ÉDITION TEST · FR	VERSIONE TEST · IT	TEST VERSION · EN	VERSIÓN DE PRUEBA · ES
Aracne accueil	Aracne home	Aracne home	Aracne inicio
Partager le programme	Condividi il programma	Share the itinerary	Compartir el programa
Navigation principale	Navigazione principale	Main navigation	Navegación principal
IL VOLO D’ARACNE · NOUVEAUX HORIZONS	IL VOLO D’ARACNE · NUOVI ORIZZONTI	IL VOLO D’ARACNE · NEW HORIZONS	IL VOLO D’ARACNE · NUEVOS HORIZONTES
Vos envies.	I vostri desideri.	Your wishes.	Vuestros deseos.
Votre Pouille.	La vostra Puglia.	Your Puglia.	Vuestra Puglia.
Un grand moment à vivre ensemble.	Un momento speciale da vivere insieme.	A special moment to share.	Un momento especial para vivir juntos.
Un voyage qui vous ressemble.	Un viaggio che vi somiglia.	A journey that feels like you.	Un viaje que os representa.
Le voyage	Il viaggio	The trip	El viaje
La carte	La mappa	The map	El mapa
Le programme	Il programma	The itinerary	El programa
Les dépenses	Le spese	Expenses	Los gastos
Le carnet	Il diario	The journal	El diario
Du Gargano au Salento.	Dal Gargano al Salento.	From Gargano to Salento.	Del Gargano al Salento.
À votre rythme, à votre façon.	Al vostro ritmo, a modo vostro.	At your pace, your way.	A vuestro ritmo, a vuestra manera.
Brouillon enregistré sur cet appareil.	Bozza salvata su questo dispositivo.	Draft saved on this device.	Borrador guardado en este dispositivo.
Exportez-le pour en garder une copie.	Esportatelo per conservarne una copia.	Export it to keep a copy.	Exportadlo para conservar una copia.
Exporter mon voyage	Esporta il viaggio	Export my trip	Exportar mi viaje
Importer une copie	Importa una copia	Import a copy	Importar una copia
ON PART AVEC QUI ?	CON CHI SI PARTE?	WHO’S COMING?	¿CON QUIÉN VIAJAMOS?
Le début d’une belle histoire	L’inizio di una bella storia	The start of a great story	El comienzo de una gran historia
Nom du voyage	Nome del viaggio	Trip name	Nombre del viaje
L’EVJF de Sofia	L’addio al nubilato di Sofia	Sofia’s hen party	La despedida de Sofia
Nombre de personnes	Numero di persone	Number of people	Número de personas
Date de départ	Data di partenza	Departure date	Fecha de salida
Durée du séjour	Durata del soggiorno	Trip length	Duración del viaje
Arrivée dans les Pouilles	Arrivo in Puglia	Arrival in Puglia	Llegada a Puglia
Foggia / nord des Pouilles	Foggia / nord della Puglia	Foggia / northern Puglia	Foggia / norte de Puglia
À décider	Da decidere	Undecided	Por decidir
Budget cible / personne (€)	Budget indicativo / persona (€)	Target budget / person (€)	Presupuesto objetivo / persona (€)
Hors transport d’arrivée	Escluso il viaggio di arrivo	Excluding travel to Puglia	Sin el transporte de llegada
QU’EST-CE QUI VOUS FAIT ENVIE ?	COSA VI PIACEREBBE FARE?	WHAT WOULD YOU LOVE TO DO?	¿QUÉ OS APETECE HACER?
Composez votre mélange	Create il vostro mix	Find your mix	Cread vuestra combinación
Votre rythme	Il vostro ritmo	Your pace	Vuestro ritmo
Dolce vita · 2 étapes / jour	Dolce vita · 2 tappe / giorno	Dolce vita · 2 stops / day	Dolce vita · 2 paradas / día
On explore · 3 étapes / jour	Esplorazione · 3 tappe / giorno	Explore · 3 stops / day	Explorar · 3 paradas / día
Déplacements	Spostamenti	Getting around	Desplazamientos
Voiture / minibus	Auto / minibus	Car / minibus	Coche / minibús
Transports en commun	Mezzi pubblici	Public transport	Transporte público
Trouver notre coin des Pouilles	Trova il nostro angolo di Puglia	Find our corner of Puglia	Encontrar nuestro rincón de Puglia
02 / 03 · VOTRE POINT DE CHUTE	02 / 03 · LA VOSTRA BASE	02 / 03 · YOUR BASE	02 / 03 · VUESTRA BASE
Où poser vos valises ?	Dove lasciare le valigie?	Where shall we stay?	¿Dónde nos instalamos?
Suggestions de destinations, sans réservation. Les horaires, activités nautiques et soirées sont à vérifier auprès des prestataires.	Idee di destinazioni, senza prenotazione. Verificate orari, attività nautiche e serate con gli operatori.	Destination ideas, without bookings. Check opening hours, water activities and nightlife with providers.	Ideas de destinos, sin reservas. Confirmad horarios, actividades náuticas y fiestas con los proveedores.
TOUTES LES POUILLES	TUTTA LA PUGLIA	ALL OF PUGLIA	TODA PUGLIA
Suivez vos envies	Seguite i vostri desideri	Follow your interests	Seguid vuestros deseos
Territoire	Territorio	Area	Territorio
Toutes les zones	Tutte le zone	All areas	Todas las zonas
Rechercher un lieu	Cerca un luogo	Find a place	Buscar un lugar
Vieste, Lecce, plage…	Vieste, Lecce, spiaggia…	Vieste, Lecce, beach…	Vieste, Lecce, playa…
Chargement de la carte… La liste des lieux reste disponible ci-dessous.	Caricamento della mappa… L’elenco dei luoghi rimane disponibile qui sotto.	Loading the map… The list of places is still available below.	Cargando el mapa… La lista de lugares sigue disponible abajo.
Les traits relient les étapes dans l’ordre choisi, sans représenter la route. Ouvrez Google Maps pour l’itinéraire routier.	Le linee collegano le tappe nell’ordine scelto e non rappresentano le strade. Aprite Google Maps per il percorso stradale.	Lines connect stops in your chosen order; they are not road routes. Open Google Maps for directions.	Las líneas unen las paradas en el orden elegido; no representan carreteras. Abrid Google Maps para ver la ruta.
03 / 03 · À VOTRE RYTHME	03 / 03 · AL VOSTRO RITMO	03 / 03 · AT YOUR PACE	03 / 03 · A VUESTRO RITMO
Votre programme	Il vostro programma	Your itinerary	Vuestro programa
＋ Ajouter une étape libre	＋ Aggiungi una tappa libera	＋ Add a custom stop	＋ Añadir una parada libre
Choisir sur la carte	Scegli sulla mappa	Choose on the map	Elegir en el mapa
LES BONS COMPTES	CONTI IN ORDINE	FAIR SHARES	CUENTAS CLARAS
On partage les souvenirs.	Condividiamo i ricordi.	Share the memories.	Compartimos los recuerdos.
Et les dépenses.	E le spese.	And the expenses.	Y los gastos.
Suivi local des dépenses, sans paiement bancaire ni synchronisation. Les calculs indiquent qui rembourse qui.	Spese salvate sul dispositivo, senza pagamenti bancari o sincronizzazione. I calcoli indicano chi rimborsa chi.	Expenses are saved on this device, without bank payments or syncing. Calculations show who owes whom.	Gastos guardados en este dispositivo, sin pagos bancarios ni sincronización. Los cálculos indican quién debe a quién.
Prénoms des participants, séparés par des virgules	Nomi dei partecipanti, separati da virgole	Participant names, separated by commas	Nombres de los participantes, separados por comas
Enregistrer les participants	Salva i partecipanti	Save participants	Guardar participantes
Ajouter une dépense	Aggiungi una spesa	Add an expense	Añadir un gasto
Pour quoi ?	Per cosa?	What for?	¿Para qué?
Dîner à Monopoli	Cena a Monopoli	Dinner in Monopoli	Cena en Monopoli
Montant total (€)	Importo totale (€)	Total amount (€)	Importe total (€)
Payé par	Pagato da	Paid by	Pagado por
À répartir entre	Da dividere tra	Split between	Repartir entre
Ajouter la dépense	Aggiungi la spesa	Add expense	Añadir el gasto
Remboursements suggérés	Rimborsi suggeriti	Suggested repayments	Reembolsos sugeridos
Vous utilisez déjà une autre app ?	Usate già un’altra app?	Already using another app?	¿Ya usáis otra app?
Gardez un lien vers votre groupe Splitwise ou Tricount. Ce raccourci ouvre votre groupe ; il ne synchronise pas les dépenses.	Salvate il link al vostro gruppo Splitwise o Tricount. Il collegamento apre il gruppo, ma non sincronizza le spese.	Save a link to your Splitwise or Tricount group. This shortcut opens your group; it does not sync expenses.	Guardad un enlace a vuestro grupo Splitwise o Tricount. El acceso abre el grupo, pero no sincroniza los gastos.
Lien du groupe	Link del gruppo	Group link	Enlace del grupo
Enregistrer le lien	Salva il link	Save link	Guardar el enlace
Ouvrir le groupe	Apri il gruppo	Open group	Abrir el grupo
Exporter en CSV	Esporta in CSV	Export CSV	Exportar CSV
LES PETITS DÉTAILS QUI COMPTENT	I PICCOLI DETTAGLI CHE CONTANO	THE LITTLE THINGS THAT MATTER	LOS PEQUEÑOS DETALLES QUE IMPORTAN
Votre carnet, en liberté	Il vostro diario, in libertà	Your journal, your way	Vuestro diario, en libertad
Une adresse repérée, une surprise à préparer, une idée pour demain.	Un indirizzo da ricordare, una sorpresa da preparare, un’idea per domani.	A place you spotted, a surprise to arrange, an idea for tomorrow.	Una dirección descubierta, una sorpresa por preparar, una idea para mañana.
Votre note	La vostra nota	Your note	Vuestra nota
Penser à réserver une grande table pour le samedi soir…	Ricordarsi di prenotare un tavolo grande per sabato sera…	Remember to book a large table for Saturday evening…	Recordar reservar una mesa grande para el sábado por la noche…
Rattachée à	Collegata a	Linked to	Vinculada a
Visibilité	Visibilità	Visibility	Visibilidad
Personnelle · exclue du partage	Personale · esclusa dalla condivisione	Personal · excluded from sharing	Personal · excluida al compartir
À partager avec le groupe	Da condividere con il gruppo	To share with the group	Para compartir con el grupo
Garder cette note	Salva questa nota	Save this note	Guardar esta nota
DES SOUVENIRS À EMPORTER	RICORDI DA PORTARE CON SÉ	MEMORIES TO TAKE HOME	RECUERDOS PARA LLEVAR
Votre story des Pouilles	La vostra storia della Puglia	Your Puglia story	Vuestra historia de Puglia
Une carte verticale 9:16 avec le nom du voyage et les étapes du jour. Ajoutez votre photo, puis téléchargez l’image ou partagez-la depuis le téléphone.	Una grafica verticale 9:16 con il nome del viaggio e le tappe del giorno. Aggiungete una foto, poi scaricate l’immagine o condividetela dal telefono.	A vertical 9:16 card with your trip name and today’s stops. Add a photo, then download the image or share it from your phone.	Una tarjeta vertical 9:16 con el nombre del viaje y las paradas del día. Añadid una foto y descargad la imagen o compartidla desde el móvil.
Choisir ma photo	Scegli la mia foto	Choose my photo	Elegir mi foto
Créer la story	Crea la storia	Create story	Crear la historia
Instagram / Facebook : importez l’image dans votre story. La publication reste à votre main.	Instagram / Facebook: importate l’immagine nella vostra storia. Sarete voi a pubblicarla.	Instagram / Facebook: import the image into your story. You choose when to publish.	Instagram / Facebook: importad la imagen en vuestra historia. Vosotros decidís cuándo publicarla.
Découvrir les Pouilles · office régional	Scopri la Puglia · ente regionale	Discover Puglia · regional tourism office	Descubrir Puglia · oficina regional
La côte de Polignano a Mare	La costa di Polignano a Mare	The coast of Polignano a Mare	La costa de Polignano a Mare
Les plus beaux voyages	I viaggi più belli	The best journeys	Los mejores viajes
se tissent ensemble.	si intrecciano insieme.	are woven together.	se tejen juntos.
Photo :	Foto:	Photo:	Foto:
cadrage adapté	inquadratura adattata	cropped to fit	encuadre adaptado
LE FIL D’ARACNE	IL FILO D’ARACNE	ARACNE’S THREAD	EL HILO DE ARACNE
Moins de kilomètres.	Meno chilometri.	Fewer kilometres.	Menos kilómetros.
Plus de moments.	Più momenti.	More moments.	Más momentos.
Pour quelques jours, choisissez un point de chute et rayonnez autour. Vous pourrez toujours changer chaque étape.	Per pochi giorni scegliete una base e visitate i dintorni. Potrete sempre modificare ogni tappa.	For a short trip, choose one base and explore nearby. You can always change every stop.	Para pocos días, elegid una base y explorad los alrededores. Siempre podréis cambiar cada parada.
Fermer	Chiudi	Close	Cerrar
Villes & villages	Città e borghi	Towns & villages	Ciudades y pueblos
Plage	Spiaggia	Beach	Playa
Bateau	Barca	Boat	Barco
Soirées	Serate	Nightlife	Vida nocturna
À table	A tavola	Food	Gastronomía
Spa & détente	Spa e relax	Spa & relaxation	Spa y relax
Entre amis	Tra amici	With friends	Entre amigos
En couple	In coppia	As a couple	En pareja
En famille	In famiglia	With family	En familia
EVJF	Addio al nubilato	Hen party	Despedida de soltera
EVG	Addio al celibato	Stag party	Despedida de soltero
Nature	Natura	Nature	Naturaleza
Gargano & Daunia	Gargano e Daunia	Gargano & Daunia	Gargano y Daunia
Bari & la côte	Bari e la costa	Bari & the coast	Bari y la costa
Bari & côte	Bari e costa	Bari & coast	Bari y costa
Vallée d’Itria	Valle d’Itria	Itria Valley	Valle de Itria
Murgia, gravines & Taranto	Murgia, gravine e Taranto	Murgia, ravines & Taranto	Murgia, barrancos y Taranto
Falaises, villages et nature. Une base à Vieste pour le littoral ; une autre dans la Daunia pour l’intérieur.	Scogliere, borghi e natura. Base a Vieste per la costa; nella Daunia per l’entroterra.	Cliffs, villages and nature. Stay in Vieste for the coast, or Daunia for the inland villages.	Acantilados, pueblos y naturaleza. Base en Vieste para la costa o en Daunia para el interior.
Ports, patrimoine et tables locales autour de Trani, Barletta et Andria.	Porti, patrimonio e cucina locale tra Trani, Barletta e Andria.	Harbours, heritage and local food around Trani, Barletta and Andria.	Puertos, patrimonio y gastronomía local entre Trani, Barletta y Andria.
Bari, Polignano et Monopoli : une base côtière pour mêler découvertes, mer et sorties.	Bari, Polignano e Monopoli: una base sulla costa tra scoperte, mare e serate.	Bari, Polignano and Monopoli: a coastal base for sightseeing, the sea and nights out.	Bari, Polignano y Monopoli: una base costera para combinar visitas, mar y salidas.
Villages blancs, trulli et campagne. Alternez balades et moments dans une masseria.	Borghi bianchi, trulli e campagna. Alternate passeggiate e momenti in masseria.	Whitewashed villages, trulli and countryside. Mix walks with time at a masseria.	Pueblos blancos, trulli y campo. Alternad paseos y momentos en una masseria.
Paysages de gravines, bourgs de la Murgia et patrimoine de Taranto. Prévoyez les trajets.	Paesaggi di gravine, borghi della Murgia e patrimonio di Taranto. Pianificate gli spostamenti.	Ravines, Murgia towns and Taranto’s heritage. Allow time for travel.	Barrancos, pueblos de la Murgia y patrimonio de Taranto. Planificad los desplazamientos.
Lecce et les deux côtes. Choisissez vos plages selon les conditions du jour et vos déplacements.	Lecce e le due coste. Scegliete le spiagge secondo le condizioni del giorno e gli spostamenti.	Lecce and both coasts. Choose beaches based on daily conditions and travel distances.	Lecce y las dos costas. Elegid las playas según las condiciones del día y los desplazamientos.
Vieille ville, littoral et idée de sortie en mer.	Centro storico, costa e idea di escursione in barca.	Old town, coastline and a possible boat trip.	Casco antiguo, costa y una posible excursión en barco.
Village perché et littoral du Gargano.	Borgo arroccato e costa del Gargano.	Hilltop village and Gargano coastline.	Pueblo elevado y costa del Gargano.
Balade forestière : choisissez un sentier adapté au groupe.	Passeggiata nel bosco: scegliete un sentiero adatto al gruppo.	Forest walk: choose a trail suited to the group.	Paseo por el bosque: elegid un sendero adecuado al grupo.
Patrimoine et ruelles du Gargano.	Patrimonio e vicoli del Gargano.	Heritage and narrow streets in Gargano.	Patrimonio y callejuelas del Gargano.
Une étape dans les villages des Monti Dauni.	Una tappa tra i borghi dei Monti Dauni.	A stop among the Monti Dauni villages.	Una parada entre los pueblos de los Monti Dauni.
Patrimoine de la Daunia et pause gourmande.	Patrimonio della Daunia e pausa golosa.	Daunia’s heritage and a food stop.	Patrimonio de Daunia y una pausa gastronómica.
Îles Tremiti	Isole Tremiti	Tremiti Islands	Islas Tremiti
Excursion à organiser séparément : bateau et météo à vérifier.	Escursione da organizzare separatamente: verificate barca e meteo.	Plan this excursion separately: check boats and weather.	Excursión que organizar por separado: comprobad barcos y meteorología.
Port, cathédrale et promenade en bord de mer.	Porto, cattedrale e passeggiata sul mare.	Harbour, cathedral and a seaside stroll.	Puerto, catedral y paseo junto al mar.
Centre historique et patrimoine.	Centro storico e patrimonio.	Historic centre and heritage.	Casco histórico y patrimonio.
Visite du château : vérifier les billets et les horaires.	Visita al castello: verificate biglietti e orari.	Castle visit: check tickets and opening hours.	Visita al castillo: comprobad entradas y horarios.
Port et promenade côtière.	Porto e passeggiata sulla costa.	Harbour and coastal promenade.	Puerto y paseo costero.
Ruelles du vieux Bari, gastronomie et aperitivo.	Vicoli di Bari Vecchia, gastronomia e aperitivo.	Old Bari’s lanes, food and aperitivo.	Callejuelas de Bari Vecchia, gastronomía y aperitivo.
Belvédères et criques ; bateau selon disponibilité et état de mer.	Belvedere e calette; barca secondo disponibilità e condizioni del mare.	Viewpoints and coves; boat trips depend on availability and sea conditions.	Miradores y calas; barco según disponibilidad y estado del mar.
Vieux port, criques et dîner dans le centre.	Porto antico, calette e cena in centro.	Old harbour, coves and dinner in town.	Puerto antiguo, calas y cena en el centro.
Littoral et sorties : vérifier les ouvertures saisonnières.	Costa e serate: verificate le aperture stagionali.	Coast and nightlife: check seasonal openings.	Costa y salidas: comprobad las aperturas de temporada.
Petit port et centre historique.	Porticciolo e centro storico.	Small harbour and historic centre.	Pequeño puerto y casco histórico.
Une balade dans les quartiers de trulli.	Una passeggiata nei quartieri dei trulli.	A walk through the trulli districts.	Un paseo por los barrios de trulli.
Ruelles blanches, panorama et dégustation à réserver.	Vicoli bianchi, panorama e degustazione da prenotare.	Whitewashed lanes, views and a tasting to book.	Callejuelas blancas, vistas y una degustación por reservar.
Centre baroque et spécialités de la vallée.	Centro barocco e specialità della valle.	Baroque centre and local valley specialities.	Centro barroco y especialidades del valle.
Village et dîner autour des spécialités locales.	Borgo e cena con specialità locali.	Village stroll and dinner with local specialities.	Pueblo y cena con especialidades locales.
Ville blanche ; chercher une masseria ou un spa aux alentours.	Città bianca; cercate una masseria o una spa nei dintorni.	White city; look for a nearby masseria or spa.	Ciudad blanca; buscad una masseria o un spa en los alrededores.
Bord de mer ; soins et établissements à vérifier avant de réserver.	Mare; verificate trattamenti e strutture prima di prenotare.	Seaside; check treatments and facilities before booking.	Costa; comprobad tratamientos y establecimientos antes de reservar.
Centre ancien et découverte du pain local.	Centro antico e scoperta del pane locale.	Old town and a taste of local bread.	Centro antiguo y descubrimiento del pan local.
Patrimoine et paysage de gravine.	Patrimonio e paesaggio di gravine.	Heritage and ravine scenery.	Patrimonio y paisajes de barrancos.
Gravine et centre historique.	Gravine e centro storico.	Ravine and historic centre.	Barranco y casco histórico.
Vieille ville et patrimoine maritime.	Città vecchia e patrimonio marittimo.	Old town and maritime heritage.	Casco antiguo y patrimonio marítimo.
Bourg et paysages de gravines.	Borgo e paesaggi di gravine.	Town and ravine landscapes.	Pueblo y paisajes de barrancos.
Baroque, artisanat et dîner en ville.	Barocco, artigianato e cena in città.	Baroque architecture, crafts and dinner in town.	Barroco, artesanía y cena en la ciudad.
Vieille ville et littoral ; soirées à vérifier selon la saison.	Città vecchia e costa; verificate le serate in base alla stagione.	Old town and coast; check nightlife for the season.	Casco antiguo y costa; comprobad las fiestas según la temporada.
Plage et établissements saisonniers.	Spiaggia e stabilimenti stagionali.	Beach and seasonal venues.	Playa y establecimientos de temporada.
Centre historique et littoral adriatique.	Centro storico e costa adriatica.	Historic centre and Adriatic coast.	Casco histórico y costa adriática.
Plages et sorties en mer à réserver.	Spiagge ed escursioni in barca da prenotare.	Beaches and boat trips to book.	Playas y excursiones en barco por reservar.
Centre baroque et pause gourmande.	Centro barocco e pausa golosa.	Baroque centre and a food stop.	Centro barroco y pausa gastronómica.
À la pointe du Salento ; vérifier les conditions de mer.	Alla punta del Salento; verificate le condizioni del mare.	At Salento’s tip; check sea conditions.	En la punta del Salento; comprobad el estado del mar.
Port et promenade avant ou après le voyage.	Porto e passeggiata prima o dopo il viaggio.	Harbour stroll before or after the trip.	Puerto y paseo antes o después del viaje.
Littoral et détente : prestations thermales à vérifier.	Costa e relax: verificate i servizi termali.	Coast and relaxation: check thermal spa services.	Costa y relax: comprobad los servicios termales.
Réserve naturelle : respecter les accès et règles de protection.	Riserva naturale: rispettate gli accessi e le regole di tutela.	Nature reserve: respect access and conservation rules.	Reserva natural: respetad los accesos y las normas de protección.
Notre EVJF dans les Pouilles	Il nostro addio al nubilato in Puglia	Our hen party in Puglia	Nuestra despedida de soltera en Puglia
Personne 	Persona 	Person 	Persona 
Copie non reconnue	Copia non riconosciuta	Unrecognised copy	Copia no reconocida
Données invalides	Dati non validi	Invalid data	Datos no válidos
Programme invalide	Programma non valido	Invalid itinerary	Programa no válido
Étape invalide	Tappa non valida	Invalid stop	Parada no válida
Dépense invalide	Spesa non valida	Invalid expense	Gasto no válido
Note invalide	Nota non valida	Invalid note	Nota no válida
Lien de groupe invalide	Link del gruppo non valido	Invalid group link	Enlace de grupo no válido
La sauvegarde locale n’a pas pu être chargée. Vous pouvez importer une copie.	Impossibile caricare il salvataggio locale. Potete importare una copia.	Your local save could not be loaded. You can import a copy.	No se pudo cargar la copia local. Podéis importar una copia.
Sauvegarde locale indisponible. Exportez votre voyage.	Salvataggio locale non disponibile. Esportate il viaggio.	Local saving unavailable. Export your trip.	Guardado local no disponible. Exportad vuestro viaje.
Le groupe a déjà des dépenses : gardez sa taille pour préserver les comptes.	Il gruppo ha già delle spese: mantenete il numero di persone per preservare i conti.	The group already has expenses: keep its size to preserve the balances.	El grupo ya tiene gastos: mantened su tamaño para conservar las cuentas.
Réduire la durée supprimera les étapes des derniers jours. Continuer ?	Ridurre la durata eliminerà le tappe degli ultimi giorni. Continuare?	Shortening the trip will remove stops on the last days. Continue?	Reducir la duración eliminará las paradas de los últimos días. ¿Continuar?
Choisissez au moins une envie.	Scegliete almeno un interesse.	Choose at least one interest.	Elegid al menos un interés.
NOTRE PREMIÈRE PISTE	LA NOSTRA PRIMA IDEA	OUR FIRST SUGGESTION	NUESTRA PRIMERA PROPUESTA
Une autre ambiance à explorer	Un’altra atmosfera da esplorare	Another atmosphere to explore	Otro ambiente por explorar
max. moy.	max. media	avg. high	máx. media
% pluie max. · vent max.	% pioggia max. · vento max.	% max. rain chance · max. wind	% lluvia máx. · viento máx.
jours couverts	giorni coperti	days covered	días cubiertos
point représentatif	punto rappresentativo	representative location	punto representativo
Choisir cette zone	Scegli questa zona	Choose this area	Elegir esta zona
Dates hors fenêtre de prévision. Les zones sont classées selon vos envies et votre arrivée, sans avantage météo supposé. Pour la plage et les soirées, vérifiez la saison d’ouverture ; comparez la météo à l’approche du départ.	Date fuori dalla finestra delle previsioni. Le zone sono ordinate per interessi e arrivo, senza vantaggi meteo presunti. Per spiaggia e serate verificate le aperture stagionali; confrontate il meteo vicino alla partenza.	Dates outside the forecast window. Areas are ranked by interests and arrival, without assumed weather advantages. Check seasonal openings for beaches and nightlife; compare weather closer to departure.	Fechas fuera del plazo de previsión. Las zonas se ordenan por intereses y llegada, sin ventajas meteorológicas supuestas. Comprobad la temporada de playas y locales; comparad el tiempo cerca de la salida.
Comparaison de la météo dans les six zones…	Confronto del meteo nelle sei zone…	Comparing weather across the six areas…	Comparando el tiempo en las seis zonas…
Prévisions Open-Meteo consultées à 	Previsioni Open-Meteo consultate alle 	Open-Meteo forecasts checked at 	Previsiones Open-Meteo consultadas a las 
. Pluie, vent et température complètent vos envies. 	. Pioggia, vento e temperatura completano i vostri interessi. 	. Rain, wind and temperature complement your interests. 	. Lluvia, viento y temperatura complementan vuestros intereses. 
Le séjour dépasse la fenêtre : comparaison partielle. 	Il soggiorno supera la finestra: confronto parziale. 	The trip exceeds the forecast window: partial comparison. 	El viaje supera el plazo de previsión: comparación parcial. 
Ce sont des points représentatifs, pas une garantie pour chaque plage ; conditions de mer à vérifier.	Sono punti rappresentativi, non una garanzia per ogni spiaggia; verificate le condizioni del mare.	These are representative locations, not a guarantee for each beach; check sea conditions.	Son puntos representativos, no una garantía para cada playa; comprobad el estado del mar.
Météo indisponible pour le moment. Le classement utilise uniquement vos envies et votre arrivée ; aucune prévision n’est inventée.	Meteo momentaneamente non disponibile. La classifica usa solo interessi e arrivo; nessuna previsione viene inventata.	Weather currently unavailable. Ranking uses only your interests and arrival; no forecasts are invented.	Meteorología no disponible. La clasificación solo usa vuestros intereses y llegada; no se inventan previsiones.
Remplacer le programme actuel par une nouvelle proposition ? Vos notes et dépenses seront conservées.	Sostituire il programma con una nuova proposta? Note e spese saranno conservate.	Replace the current itinerary with a new suggestion? Your notes and expenses will be kept.	¿Sustituir el programa por una nueva propuesta? Se conservarán las notas y los gastos.
Journée libre à 	Giornata libera a 	Free day in 	Día libre en 
Gardez du temps pour vos envies, ou ajoutez une activité sur la carte.	Lasciate tempo ai vostri desideri, oppure aggiungete un’attività sulla mappa.	Leave time for your own ideas, or add an activity from the map.	Dejad tiempo para vuestras ideas o añadid una actividad desde el mapa.
 Pour une sortie le soir, cherchez un établissement ouvert à vos dates et prévoyez le retour.	 Per la serata, cercate un locale aperto nelle vostre date e organizzate il rientro.	 For a night out, find a venue open on your dates and plan the journey back.	 Para salir de noche, buscad un local abierto en vuestras fechas y organizad la vuelta.
Votre première proposition est prête. Tout reste modifiable.	La prima proposta è pronta. Potete modificare tutto.	Your first suggestion is ready. Everything is editable.	La primera propuesta está lista. Todo se puede modificar.
Les horaires de bus et trains ne sont pas vérifiés. Vérifiez chaque liaison avant de réserver.	Gli orari di autobus e treni non sono verificati. Controllate ogni collegamento prima di prenotare.	Bus and train timetables are not verified. Check each connection before booking.	Los horarios de autobuses y trenes no están verificados. Comprobad cada enlace antes de reservar.
Temps libres et heures proposés : ajustez-les selon vos réservations et les temps de route.	Orari e tempi liberi proposti: adattateli alle prenotazioni e ai tempi di viaggio.	Suggested times and free time: adjust them to your bookings and travel times.	Horarios y tiempo libre propuestos: ajustadlos a las reservas y a los desplazamientos.
Budget cible : 	Budget indicativo: 	Target budget: 	Presupuesto objetivo: 
 / personne, sans estimation de prix des activités.	 / persona, senza stime dei prezzi delle attività.	 / person, without estimated activity prices.	 / persona, sin estimación del precio de las actividades.
HORAIRE LIBRE	ORARIO LIBERO	FLEXIBLE TIME	HORARIO LIBRE
Cette journée est à vous.	Questa giornata è vostra.	This day is yours.	Este día es vuestro.
Ajoutez vos lieux depuis la carte ou une étape libre.	Aggiungete luoghi dalla mappa o una tappa libera.	Add places from the map or a custom stop.	Añadid lugares desde el mapa o una parada libre.
Parcours du jour · Google Maps	Percorso del giorno · Google Maps	Day route · Google Maps	Ruta del día · Google Maps
Les cinq premières étapes sont incluses. Pour la suite, ouvrez chaque étape séparément.	Sono incluse le prime cinque tappe. Per le successive aprite ogni tappa separatamente.	The first five stops are included. Open later stops separately.	Se incluyen las cinco primeras paradas. Abrid las siguientes por separado.
Modifier l’étape	Modifica la tappa	Edit stop	Modificar la parada
Une étape à vous	Una tappa tutta vostra	Your own stop	Una parada a vuestra medida
Votre idée / adresse	La vostra idea / indirizzo	Your idea / address	Vuestra idea / dirección
Latitude (facultatif)	Latitudine (facoltativa)	Latitude (optional)	Latitud (opcional)
Longitude (facultatif)	Longitudine (facoltativa)	Longitude (optional)	Longitud (opcional)
Sans coordonnées, votre étape apparaît dans le programme mais pas sur la carte.	Senza coordinate, la tappa appare nel programma ma non sulla mappa.	Without coordinates, the stop appears in the itinerary but not on the map.	Sin coordenadas, la parada aparece en el programa pero no en el mapa.
Enregistrer l’étape	Salva la tappa	Save stop	Guardar la parada
Renseignez les deux coordonnées, ou laissez les deux vides.	Inserite entrambe le coordinate oppure lasciatele vuote.	Enter both coordinates or leave both empty.	Introducid ambas coordenadas o dejad ambas vacías.
＋ Au programme	＋ Nel programma	＋ Add to itinerary	＋ Al programa
Aucun lieu pour cette recherche.	Nessun luogo per questa ricerca.	No places match your search.	Ningún lugar coincide con la búsqueda.
Carte indisponible. Tous les lieux restent accessibles dans la liste.	Mappa non disponibile. Tutti i luoghi restano accessibili nell’elenco.	Map unavailable. All places remain available in the list.	Mapa no disponible. Todos los lugares siguen disponibles en la lista.
Ajouter au programme	Aggiungi al programma	Add to itinerary	Añadir al programa
Ajouter à quel jour ?	A quale giorno aggiungere?	Which day should we add it to?	¿A qué día añadirlo?
Ajouter cette étape	Aggiungi questa tappa	Add this stop	Añadir esta parada
 ajouté au jour 	 aggiunto al giorno 	 added to day 	 añadido al día 
Dépenses saisies	Spese inserite	Expenses entered	Gastos registrados
Moyenne / personne	Media / persona	Average / person	Media / persona
Dans le groupe	Nel gruppo	In the group	En el grupo
 a payé · partagé entre 	 ha pagato · diviso tra 	 paid · split between 	 pagó · repartido entre 
Supprimer cette dépense ?	Eliminare questa spesa?	Delete this expense?	¿Eliminar este gasto?
 rembourse 	 rimborsa 	 repays 	 reembolsa 
Aucun remboursement à prévoir.	Nessun rimborso previsto.	No repayments needed.	No hay reembolsos pendientes.
Saisissez exactement 	Inserite esattamente 	Enter exactly 	Introducid exactamente 
 prénoms distincts (60 caractères maximum).	 nomi diversi (massimo 60 caratteri).	 distinct names (maximum 60 characters).	 nombres diferentes (máximo 60 caracteres).
Les noms sont liés aux dépenses existantes. Supprimez ou exportez les dépenses avant de renommer le groupe.	I nomi sono collegati alle spese. Eliminate o esportate le spese prima di rinominare il gruppo.	Names are linked to existing expenses. Delete or export expenses before renaming the group.	Los nombres están vinculados a gastos. Eliminad o exportad los gastos antes de renombrar el grupo.
Participants enregistrés	Partecipanti salvati	Participants saved	Participantes guardados
Choisissez au moins un bénéficiaire.	Scegliete almeno un beneficiario.	Choose at least one beneficiary.	Elegid al menos un beneficiario.
Dépense ajoutée	Spesa aggiunta	Expense added	Gasto añadido
Utilisez un lien HTTPS officiel Splitwise ou Tricount.	Usate un link HTTPS ufficiale di Splitwise o Tricount.	Use an official Splitwise or Tricount HTTPS link.	Usad un enlace HTTPS oficial de Splitwise o Tricount.
Lien enregistré	Link salvato	Link saved	Enlace guardado
Montant EUR	Importo EUR	Amount EUR	Importe EUR
Bénéficiaires	Beneficiari	Beneficiaries	Beneficiarios
Tout le voyage	Tutto il viaggio	Whole trip	Todo el viaje
Pour le groupe	Per il gruppo	For the group	Para el grupo
Personnelle	Personale	Personal	Personal
Supprimer cette note ?	Eliminare questa nota?	Delete this note?	¿Eliminar esta nota?
Modifier la note	Modifica la nota	Edit note	Modificar la nota
Note gardée dans votre carnet	Nota salvata nel diario	Note saved in your journal	Nota guardada en el diario
Programme libre	Programma libero	Free time	Programa libre
 (5 premières étapes)	 (prime 5 tappe)	 (first 5 stops)	 (5 primeras paradas)
Notes du groupe	Note del gruppo	Group notes	Notas del grupo
Préparé avec Il Volo d’Aracne · Puglia	Preparato con Il Volo d’Aracne · Puglia	Prepared with Il Volo d’Aracne · Puglia	Preparado con Il Volo d’Aracne · Puglia
Partager le voyage	Condividi il viaggio	Share the trip	Compartir el viaje
Envoyez le programme complet ou une seule journée. Les notes personnelles et les dépenses restent exclues.	Inviate il programma completo o una sola giornata. Note personali e spese restano escluse.	Send the whole itinerary or a single day. Personal notes and expenses stay excluded.	Enviad el programa completo o un solo día. Las notas personales y los gastos quedan excluidos.
Que partager ?	Cosa condividere?	What would you like to share?	¿Qué queréis compartir?
Tout le programme	Tutto il programma	Whole itinerary	Todo el programa
Inclure les notes marquées « Pour le groupe »	Includi le note « Per il gruppo »	Include notes marked “For the group”	Incluir las notas « Para el grupo »
Aperçu de la story	Anteprima della storia	Story preview	Vista previa de la historia
Copier le texte	Copia il testo	Copy text	Copiar el texto
Ce partage transmet une copie du programme, pas un espace collaboratif synchronisé.	La condivisione invia una copia del programma, non uno spazio collaborativo sincronizzato.	Sharing sends a copy of the itinerary, not a synced collaborative space.	Se comparte una copia del programa, no un espacio colaborativo sincronizado.
Partage indisponible : copiez le texte ou utilisez WhatsApp.	Condivisione non disponibile: copiate il testo o usate WhatsApp.	Sharing unavailable: copy the text or use WhatsApp.	No se puede compartir: copiad el texto o usad WhatsApp.
Texte copié	Testo copiato	Text copied	Texto copiado
Sélectionnez le texte dans l’aperçu pour le copier.	Selezionate il testo nell’anteprima per copiarlo.	Select the text in the preview to copy it.	Seleccionad el texto en la vista previa para copiarlo.
Remplacer votre brouillon local par cette copie ? Exportez d’abord le brouillon si vous souhaitez le conserver.	Sostituire la bozza locale con questa copia? Esportate prima la bozza se volete conservarla.	Replace your local draft with this copy? Export the draft first if you want to keep it.	¿Sustituir el borrador local por esta copia? Exportad primero el borrador si queréis conservarlo.
Voyage importé	Viaggio importato	Trip imported	Viaje importado
Cette copie est invalide ou trop volumineuse. Votre voyage est conservé.	Questa copia non è valida o è troppo grande. Il vostro viaggio è conservato.	This copy is invalid or too large. Your trip has been kept.	Esta copia no es válida o es demasiado grande. Se ha conservado vuestro viaje.
Choisissez une photo de moins de 15 Mo.	Scegliete una foto inferiore a 15 MB.	Choose a photo smaller than 15 MB.	Elegid una foto de menos de 15 MB.
Photo choisie : 	Foto scelta: 	Selected photo: 	Foto elegida: 
Nos souvenirs commencent ici.	I nostri ricordi iniziano qui.	Our memories start here.	Nuestros recuerdos empiezan aquí.
Et d’autres moments à découvrir…	E altri momenti da scoprire…	And more moments to discover…	Y más momentos por descubrir…
Nos Pouilles, à notre façon.	La nostra Puglia, a modo nostro.	Our Puglia, our way.	Nuestra Puglia, a nuestra manera.
Votre story est prête	La vostra storia è pronta	Your story is ready	Vuestra historia está lista
Télécharger l’image	Scarica l’immagine	Download image	Descargar la imagen
Partager l’image	Condividi l’immagine	Share image	Compartir la imagen
Importez ensuite l’image dans Instagram ou Facebook. Aucun contenu n’est publié automatiquement.	Importate poi l’immagine su Instagram o Facebook. Nulla viene pubblicato automaticamente.	Then import the image into Instagram or Facebook. Nothing is published automatically.	Importad después la imagen en Instagram o Facebook. No se publica nada automáticamente.
Image téléchargée : ouvrez votre réseau social pour l’importer.	Immagine scaricata: aprite il social per importarla.	Image downloaded: open your social app to import it.	Imagen descargada: abrid vuestra red social para importarla.
Téléchargez l’image pour la partager.	Scaricate l’immagine per condividerla.	Download the image to share it.	Descargad la imagen para compartirla.
Photo non lisible. Essayez une image JPEG/PNG, ou créez la story sans photo.	Foto non leggibile. Provate un’immagine JPEG/PNG o create la storia senza foto.	Photo cannot be read. Try a JPEG/PNG image or create the story without a photo.	No se puede leer la foto. Probad una imagen JPEG/PNG o cread la historia sin foto.
Lire le voyage Aracne	Leggi il viaggio Aracne	Read the Aracne trip	Leer el viaje Aracne
Retourne le programme et les paramètres du voyage ouvert, sans notes personnelles ni dépenses.	Restituisce programma e impostazioni del viaggio aperto, senza note personali o spese.	Returns the open trip’s itinerary and settings, without personal notes or expenses.	Devuelve el programa y los ajustes del viaje abierto, sin notas personales ni gastos.
Partager	Condividi	Share	Compartir
Modifier	Modifica	Edit	Modificar
Enregistrer	Salva	Save	Guardar
Supprimer	Elimina	Delete	Eliminar
Retirer	Rimuovi	Remove	Quitar
Monter 	Sposta su 	Move up 	Subir 
Descendre 	Sposta giù 	Move down 	Bajar 
Horaire	Orario	Time	Horario
Jour	Giorno	Day	Día
Liaison 	Collegamento 	Connection 	Conexión 
Itinéraire	Itinerario	Route	Itinerario
Aperçu	Anteprima	Preview	Vista previa
Dépense	Spesa	Expense	Gasto
>Nom<	>Nome<	>Name<	>Nombre<
>Note<	>Nota<	>Note<	>Nota<
 personnes	 persone	 people	 personas
 jours	 giorni	 days	 días
 lieux	 luoghi	 places	 lugares
 à 	 a 	 to 	 a 
